Feature,A,L,R,K,N,M,D,F,C,P,Q,S,E,T,G,W,H,Y,I,V
DAWD720101,2.5,5.5,7.5,7,5,6,2.5,6.5,3,5.5,6,3,5,5,0.5,7,6,7,5.5,5
FASG760101,89.09,131.17,174.2,146.19,132.12,149.21,133.1,165.19,121.15,115.13,146.15,105.09,147.13,119.12,75.07,204.24,155.16,181.19,131.17,117.15
FASG760102,297,337,238,224,236,283,270,284,178,222,185,228,249,253,290,282,277,344,284,293
FAUJ880103,1,4,6.13,4.77,2.95,4.43,2.78,5.89,2.43,2.72,3.95,1.6,3.78,2.6,0,8.08,4.66,6.47,4,3
GOLD730102,88.3,168.5,181.2,175.6,125.1,162.2,110.8,189,112.4,122.2,148.7,88.7,140.5,118.2,60,227,152.6,193,168.5,141.4
WOLR790101,1.12,1.18,-2.55,-0.8,-0.83,0.55,-0.83,0.67,0.59,0.54,-0.78,-0.05,-0.92,-0.02,1.2,-0.19,-0.93,-0.23,1.16,1.13
KLEP840101,0,0,1,1,0,0,-1,0,0,0,0,0,-1,0,0,0,0,0,0,0
BHAR880101,0.357,0.365,0.529,0.466,0.463,0.295,0.511,0.314,0.346,0.509,0.493,0.507,0.497,0.444,0.544,0.305,0.323,0.42,0.462,0.386
BULH740101,-0.2,-2.46,-0.12,-0.35,0.08,-1.47,-0.2,-2.33,-0.45,-0.98,0.16,-0.39,-0.3,-0.52,0,-2.01,-0.12,-2.24,-2.26,-1.56
FAUJ880108,-0.01,-0.01,0.04,0,0.06,0.04,0.15,0.03,0.12,0,0.05,0.11,0.07,0.04,0,0,0.08,0.03,-0.01,0.01
ZIMJ680103,0,0.13,52,49.5,3.38,1.43,49.7,0.35,1.48,1.58,3.53,1.67,49.9,1.66,0,2.1,51.6,1.61,0.13,0.13
ZIMJ680104,6,5.98,10.76,9.74,5.41,5.74,2.77,5.48,5.05,6.3,5.65,5.68,3.22,5.66,5.97,5.89,7.59,5.66,6.02,5.96
